<?xml version="1.0"?>
<!--<!DOCTYPE metadata SYSTEM "http://www.esri.com/metadata/esriprof80.dtd">-->
<metadata xml:lang="it"><Esri><CreaDate>20060118</CreaDate><CreaTime>16502200</CreaTime><SyncOnce>TRUE</SyncOnce><DataProperties><lineage><Process Name="DefineProjection_8" ToolSource="C:\Program Files\ArcGIS\ArcToolbox\Toolboxes\Data Management Tools.tbx\DefineProjection" Date="20060118" Time="164656">DefineProjection D:\GIS\terrain\topo5k\stream.shp PROJCS['Croatia',GEOGCS['GCS_Croatia_2000',DATUM['D_Croatia_2000',SPHEROID['Bessel_1841',6377397.155,299.15281]],PRIMEM['Greenwich',0.0],UNIT['Degree',0.0174532925199433]],PROJECTION['Transverse_Mercator'],PARAMETER['False_Easting',6500000.0],PARAMETER['False_Northing',0.0],PARAMETER['Central_Meridian',18.0],PARAMETER['Scale_Factor',0.9999],PARAMETER['Latitude_Of_Origin',0.0],UNIT['Meter',1.0]] D:\GIS\terrain\topo5k\stream.shp</Process></lineage></DataProperties><MetaID>{85E209DC-4BD6-4737-8AF2-69F9290EBC5A}</MetaID></Esri><idinfo><citation><citeinfo><onlink Sync="TRUE"></onlink></citeinfo></citation></idinfo><distInfo><distributor><distorTran><onLineSrc><linkage Sync="TRUE">file://</linkage><protocol Sync="TRUE">Local Area Network</protocol></onLineSrc></distorTran></distributor></distInfo><dataqual><lineage><procstep><procdesc Sync="TRUE">Dataset copied.</procdesc><srcused Sync="TRUE"></srcused><date Sync="TRUE">20060118</date><time Sync="TRUE">16502200</time></procstep></lineage></dataqual></metadata>
