<?xml version="1.0" encoding="UTF-8"?>
<metadata>
<idinfo>
<citation>
<citeinfo>
<origin>U.S. Geological Survey</origin>
<pubdate>2008</pubdate>
<title>State of North Carolina, 2001-2003 1/9-Arc Second National Elevation Dataset</title>
<geoform>SDE raster digital data</geoform>
<serinfo>
<sername>National Elevation Data (NED)</sername>
<issue>0.1</issue>
</serinfo>
<pubinfo>
<pubplace>Sioux Falls, SD</pubplace>
<publish>U.S. Geological Survey (USGS)</publish>
</pubinfo>
<onlink>http://nationalmap.gov</onlink>
<onlink>http://seamless.usgs.gov</onlink>
</citeinfo>
</citation>
<descript>
<abstract>"The original data define the boundaries of individual LiDAR files produced for Airborne LIDAR terrain mapping data acquired January through March 2001 and February throughh April 2003.  Point data (XYZ) were in ASCII format.  Points classified as non-earth were removed. Horizontal Datum NAD83(1995) North Carolina State Plane feet. Vertical datum NAVD88 US Survey Feet. These data may represent a single geographic tile of a larger, county/sub-county data set. As such, the map extent indicated in the Spatial_Domain Element is representative of the larger data set and not an individual tile. The data are organized in 10,000 ft x 10,000 ft. tiles using the NC Bureau of Land Records Management (LRMP) standards.  Specific information about individual data tiles is included in the data delivery index.  More information about this can be obtained at www.ncfloodmaps.com. "Information in quotation marks is taken from the original source's metadata.</abstract>
<purpose>These data were collected and derived by the North Carolina Floodplain Mapping Program (www.ncfloodmaps.com) as part of its effort to modernize FEMA Flood Insurance Rate Maps (FIRM) statewide.  Although created for specific use in the engineering aspects of floodplain delineation, the data were also developed to address the elevation data requirements of the broader geospatial data user community. The North Carolina Floodplain Mapping Program was established in response to the extensive damage caused by Hurricane Floyd in 1999.  The USGS obtained this LiDAR data from the North Carolina Office of Geographic Information Systems for the National Elevation Dataset (NED) to provide the highest-resolution, best-available elevation data.</purpose>
<supplinf>The data obtained through the National Map Seamless Server is considered to be the "best available" data from the USGS.  Historical data and other data may be obtained by contacting Customer Service, Earth Resources Observation &amp; Science Center, at 1-800-252-4547.      QUADNAME: empty      RESOLUTION: 19      ULLAT: 36      ULLON: -76      LRLAT: 35      LRLON: -75.4613      HDATUM: 83      ZMIN: -0.67703      ZMAX: 25.66      ZMEAN: 0      ZSIGMA: 0      PMETHOD: 7      QUADDATE: 20080201      QUADNAME: empty      RESOLUTION: 19      ULLAT: 36.5829      ULLON: -76      LRLAT: 36      LRLON: -75.4613      HDATUM: 83      ZMIN: -0.62677      ZMAX: 28.4854      ZMEAN: 0      ZSIGMA: 0      PMETHOD: 7      QUADDATE: 20080201</supplinf>
</descript>
<timeperd>
<timeinfo>
<rngdates>
<begdate>200103</begdate>
<enddate>200304</enddate>
</rngdates>
</timeinfo>
<current>ground condition</current>
</timeperd>
<status>
<progress>Complete</progress>
<update>None planned</update>
</status>
<spdom>
<bounding>
<westbc>-75.6374</westbc>
<eastbc>-75.62325</eastbc>
<northbc>35.96556</northbc>
<southbc>35.95728</southbc>
</bounding>
</spdom>
<keywords>
<theme>
<themekt>National Elevation Dataset</themekt>
<themekey>NED</themekey>
<themekey>National Elevation Dataset</themekey>
<themekey>elevation</themekey>
<themekey>grid</themekey>
<themekey>LiDAR</themekey>
<themekey>Lidar</themekey>
<themekey>LIDAR</themekey>
<themekey>Light Detection And Ranging</themekey>
<themekey>high-resolution</themekey>
<themekey>topography</themekey>
<themekey>USGS</themekey>
<themekey>DEM</themekey>
<themekey>Digital elevation model</themekey>
<themekey>Elevation</themekey>
<themekey>Digital terrain model</themekey>
<themekey>Surface Model</themekey>
<themekey>Hydrologic</themekey>
<themekey>Hydrologic Modeling</themekey>
<themekey>Drainage Area</themekey>
<themekey>U.S. Geological Survey</themekey>
</theme>
<theme>
<themekt>American Society of Photogrammetry and Remote Sensing</themekt>
<themekey>National Standards for Spatial Digital Accuracy (NSSDA)</themekey>
</theme>
<theme>
<themekt>ISO 19115 Category</themekt>
<themekey>imageryBaseMapsEarthCover</themekey>
<themekey>010</themekey>
<themekey>Geoscientific Information</themekey>
<themekey>008</themekey>
<themekey>location</themekey>
<themekey>013</themekey>
</theme>
<place>
<placekt>U.S. Department of Commerce, 1995, Countries, dependencies, areas of special sovereignty, and their principal administrative divisions, Federal Information Processing Standard 10-4,): Washington, D.C., National Institute of Standards and Technology</placekt>
<placekey>United States</placekey>
<placekey>U.S.</placekey>
<placekey>US</placekey>
</place>
<place>
<placekt>U.S. Department of Commerce, 1987, Codes for the identification of the States, the District of Columbia and the outlying areas of the United States, and associated areas (Federal Information Processing Standard 5-2): Washington, D.C., National Institute of Standards and Technology</placekt>
<placekey>NC</placekey>
</place>
<place>
<placekt>Geographic Names Information System</placekt>
<placekey>North Carolina</placekey>
</place>
</keywords>
<accconst>Any downloading and use of these data signifies a user's agreement to comprehension and compliance of the USGS Standard Disclaimer.  Insure all portions of metadata are read and clearly understood before using these data in order to protect both user and USGS interests.</accconst>
<useconst>There is no guarantee of warranty concerning the accuracy of the data.  Users should be aware that temporal changes may have occurred since this data set was collected and that some parts of this data may no longer represent actual surface conditions.  Users should not use this data for critical applications without a full awareness of its limitations. Acknowledgement of the originating agencies would be appreciated in products derived from these data.  Any user who modifies the data is obligated to describe the types of modifications they perform.  User specifically agrees not to misrepresent the data, nor to imply that changes made were approved or endorsed by the U.S. Geological Survey.  Please refer to http://www.usgs.gov/privacy.html for the USGS disclaimer.</useconst>
<ptcontac>
<cntinfo>
<cntorgp>
<cntorg>U.S. Geological Survey</cntorg>
</cntorgp>
<cntpos>Customer Service Representative</cntpos>
<cntaddr>
<addrtype>mailing and physical address</addrtype>
<address>USGS Earth Resources Observation &amp; Science (EROS) Center</address>
<address>47914 252nd Street</address>
<city>Sioux Falls</city>
<state>SD</state>
<postal>57198-0001</postal>
<country>United States</country>
</cntaddr>
<cntvoice>605-594-6151</cntvoice>
<cnttdd>605-594-6933</cnttdd>
<cntfax>605-594-6589</cntfax>
<cntemail>custserv@usgs.gov</cntemail>
<hours>0800 - 1600 CT, M - F (-6h CST/-5h CDT GMT)</hours>
</cntinfo>
</ptcontac>
<native>Microsoft Windows XP Version 5.1 (Build 2600) Service Pack 3; ESRI ArcCatalog 9.3.1.1850</native>
</idinfo>
<dataqual>
<attracc>
<attraccr>None provided.</attraccr>
<qattracc>
<attraccv>0</attraccv>
<attracce>N/A</attracce>
</qattracc>
</attracc>
<logic>"N/A"</logic>
<complete>"Complete"</complete>
<posacc>
<horizpa>
<horizpar>"N/A"</horizpar>
</horizpa>
<vertacc>
<vertaccr>"N/A"</vertaccr>
</vertacc>
</posacc>
<lineage>
<procstep>
<procdesc>"All data collection flights were initialized and finalized during periods of GPS Position Dilution of Precision greater than 4.  GPS data quality was evaluated post-flight to ensure sufficient quality for LIDAR data requirements and integration.  GPS base maximum allowable distance between stations was established such that no more than a 50 mile radius occurred between occupations.  Swath width of terrain covered in a single flightline for inland areas at an altitude of 12,000 feet AMT was approximately 3,411meters, coastal areas at an altitude of 8,000 feet AMT was approximately 2,274 meters.  Field of View for the Leica GeoSystems Aeroscan system used was 50 degrees project wide, or 25 degrees from nadir with a maximum of 5 returns collected for each pulse.  Ground distance between flightlines for inland areas at 12,000 feet AMT was approximately 2,388 meters, for coastal areas at 8,000 feet AMT was approximately 1,592 meters.  Nominal post spacing for finalized Bare Earth product was 3 meters. An average of 10-20 rapid static GPS survey collected ground control points were established per base airport project wide to detect and correct horizontal and vertical bias.  Typically, 3 or more flightlines of LIDAR returns were collected for each airport lift, one of which being  bi-directional for use in optimizing instrument boresight angles to account for aircraft pitch, yaw and roll.  All post process collection quality assurance is achieved aided by airport cross and bi-directional flightlines, entire lift cross flightlines, and the use of surveyed ground control points."</procdesc>
<procdate>2001</procdate>
<proccont>
<cntinfo>
<cntorgp>
<cntorg>EarthData International of North Carolina</cntorg>
<cntper>Harold Rempel</cntper>
</cntorgp>
<cntpos>LIDAR Production Manager</cntpos>
<cntaddr>
<addrtype>mailing and physical address</addrtype>
<address>1912 Eastchester Drive</address>
<address>Suite 111</address>
<city>High Point</city>
<state>NC</state>
<postal>27265</postal>
<country>USA</country>
</cntaddr>
<cntvoice>(336) 812-9121</cntvoice>
<cntemail>hrempel@earthdata.com</cntemail>
</cntinfo>
</proccont>
</procstep>
<procstep>
<procdesc>"The data for the North Carola study area were processed into the NED 1/9th dataset using ESRI software.  The data were imported then tiled out to create work areas.  The footprint was then clipped to the data extent. Grids and hillshades were created of each area then mosaicked together.  The mosaic was then projected into geographic coordinates.  Quality control was done by reviewing the hillshades to detect irregularities in the data."</procdesc>
<procdate>Unknown</procdate>
</procstep>
<procstep>
<procdesc>"Checking for coverage and anomaliesAirport calibrationProduction flightline calibrationRemoval of blundersTilingAutomated filtering for point classificationManual editing to classify pointsQuality controlRemoval of all points not classified as bare earthThe methods used to develop these data for the North Carolina Floodplain Mapping Program are documented in LIDAR Bare Earth Mass Points and Breaklines Technical Document, available online at  www.ncfloodmaps.com."</procdesc>
<procdate>Unknown</procdate>
<proccont>
<cntinfo>
<cntorgp>
<cntorg>EarthData International of North Carolina</cntorg>
<cntper>Harold Rempel</cntper>
</cntorgp>
<cntpos>LIDAR Production Manager</cntpos>
<cntaddr>
<addrtype>mailing and physical address</addrtype>
<address>1912 Eastchester Drive</address>
<address>Suite 111</address>
<city>High Point</city>
<state>NC</state>
<postal>27265</postal>
<country>USA</country>
</cntaddr>
<cntvoice>(336) 812-9121</cntvoice>
<cntemail>hrempel@earthdata.com</cntemail>
</cntinfo>
</proccont>
</procstep>
<procstep>
<procdesc>The data for the North Carolina study area were processed into the NED 1/9th dataset using ESRI software.  The data were imported using LP360 ESRI software extention.  A grid and hillshade were created, projected into geographic coordinates and clip with a footprint shape file.  Quality control was done by reviewing the hillshades to detect irregularities in the data and doing a comparison between the data the National Map Seamless Server and the existing 1/3 NED data. Voids in the data were left as "NoData" areas. The metadata were imported and updated for display through the  at http://nationalmap.usgs.gov.  Project level metadata are available in several formats: HTML, TEXT, XML, FAQ and SGML.  The data were then loaded into ArcSDE to be made available for public access download.</procdesc>
<procdate>2008</procdate>
<proccont>
<cntinfo>
<cntorgp>
<cntorg>U.S. Geological Survey</cntorg>
</cntorgp>
<cntpos>Customer Service Representative</cntpos>
<cntaddr>
<addrtype>mailing and physical address</addrtype>
<address>USGS Earth Resources Observation &amp; Science (EROS) Center</address>
<address>47914 252nd Street</address>
<city>Sioux Falls</city>
<state>SD</state>
<postal>57198-0001</postal>
<country>USA</country>
</cntaddr>
<cntvoice>605-594-6151</cntvoice>
<cntvoice>1-800-252-4547</cntvoice>
<cnttdd>605-594-6933</cnttdd>
<cntfax>605-594-6589</cntfax>
<cntemail>custserv@usgs.gov</cntemail>
<hours>0800 - 1600 CT, M - F (-6h CST/-5h CDT GMT)</hours>
</cntinfo>
</proccont>
</procstep>
</lineage>
</dataqual>
<spdoinfo>
<direct>Raster</direct>
<rastinfo>
<rasttype>Pixel</rasttype>
<rowcount>4409</rowcount>
<colcount>4588</colcount>
<vrtcount>1</vrtcount>
</rastinfo>
</spdoinfo>
<spref>
<horizsys>
<geograph>
<latres>0.00001</latres>
<longres>0.00001</longres>
<geogunit>Decimal degrees</geogunit>
</geograph>
<planar>
<planci>
<plance>row and column</plance>
<coordrep>
<absres>0.000031</absres>
<ordres>0.000031</ordres>
</coordrep>
</planci>
</planar>
<geodetic>
<horizdn>North American Datum of 1983</horizdn>
<ellips>Geodetic Reference System 80</ellips>
<semiaxis>6378137.000000</semiaxis>
<denflat>298.257222</denflat>
</geodetic>
</horizsys>
<vertdef>
<altsys>
<altdatum>North American Vertical Datum of 1988</altdatum>
<altres>1.000000</altres>
<altunits>meters</altunits>
<altenc>Explicit elevation coordinate included with horizontal coordinates</altenc>
</altsys>
</vertdef>
</spref>
<eainfo>
<overview>
<eaover>N/A</eaover>
<eadetcit>N/A</eadetcit>
</overview>
</eainfo>
<distinfo>
<distrib>
<cntinfo>
<cntorgp>
<cntorg>U.S. Geological Survey</cntorg>
</cntorgp>
<cntpos>Customer Service Representative</cntpos>
<cntaddr>
<addrtype>mailing and physical address</addrtype>
<address>USGS Earth Resources Observation &amp; Science Center</address>
<address>47914 252nd Street</address>
<city>Sioux Falls</city>
<state>SD</state>
<postal>57198-0001</postal>
<country>USA</country>
</cntaddr>
<cntvoice>605/594-6151</cntvoice>
<cntvoice>1-800-252-4547</cntvoice>
<cnttdd>605/594-6933</cnttdd>
<cntfax>605/594-6589</cntfax>
<cntemail>custserv@usgs.gov</cntemail>
<hours>0800 - 1600 CT, M - F (-6h CST/-5h CDT GMT)</hours>
<cntinst>The USGS point of contact is for questions relating only to the data display and download from this web site.  For questions regarding data content and quality, refer to the original processor.</cntinst>
</cntinfo>
</distrib>
<resdesc>Downloadable Data</resdesc>
<distliab>Although these data have been processed successfully on a computer system at the USGS, no warranty expressed or implied is made by the USGS regarding the use of the data on any other system, nor does the act of distribution constitute any such warranty.  Data may have been compiled from various outside sources.  Spatial information may not meet National Map Accuracy Standards.  This information may be updated without notification. The USGS shall not be liable for any activity involving these data, installation, fitness of the data for a particular purpose, its use, or analyses results.</distliab>
<stdorder>
<digform>
<digtinfo>
<formname>ARCG</formname>
<formvern>ArcGIS 9.1</formvern>
<formspec>Raster</formspec>
<transize>0.001</transize>
</digtinfo>
<digtopt>
<onlinopt>
<computer>
<networka>
<networkr>http://nationalmap.gov</networkr>
<networkr>http://seamless.usgs.gov</networkr>
</networka>
</computer>
<accinstr>The URL, http://seamless.usgs.gov, provides a map interface that allows for data downloads within a customer defined area of interest. Zoom tools are available that can be used to investigate areas of interest on the map interface. The download tool allows the customer to capture layers from the map, utilizing The National Map Seamless Server process for downloading. A request summary page is then generated with the download layers listed. By clicking the "download" button on the summary page, a zipped file will be generated that can be saved on the customer's computer. The file can then be unzipped and imported into various user software applications.</accinstr>
<oncomp>Not available for dissemination</oncomp>
</onlinopt>
</digtopt>
</digform>
<fees>None</fees>
<ordering>Downloadable data.</ordering>
<turnarnd>Variable</turnarnd>
</stdorder>
<custom>None</custom>
<techpreq>ESRI ArcGIS 9.1 Suite software or equivalent GIS processing software and supporting operating systems.</techpreq>
<availabl>
<timeinfo>
<rngdates>
<begdate>2008</begdate>
<enddate>unknown</enddate>
</rngdates>
</timeinfo>
</availabl>
</distinfo>
<metainfo>
<metd>20090323</metd>
<metc>
<cntinfo>
<cntorgp>
<cntorg>U.S. Geological Survey</cntorg>
</cntorgp>
<cntpos>Customer Service Representative</cntpos>
<cntaddr>
<addrtype>mailing and physical address</addrtype>
<address>USGS Earth Resources Observation &amp; Science (EROS) Center</address>
<address>47914 252nd Street</address>
<city>Siox Falls</city>
<state>SD</state>
<postal>57198-0001</postal>
<country>USA</country>
</cntaddr>
<cntvoice>605-594-6151</cntvoice>
<cnttdd>605-594-6933</cnttdd>
<cntfax>605-594-6589</cntfax>
<cntemail>custserv@usgs.gov</cntemail>
<hours>0800 - 1600 CT, M - F (-6h CST/-5h CDT GMT)</hours>
<cntinst>The above is the contact information for the USGS Earth Resources Observation and Science Center in Sioux Falls, SD.  This is the digital data storage and distribution center for the USGS.  Metadata information can also be obtained through online services using The National Map Viewer, at http://nationalmap.gov.</cntinst>
</cntinfo>
</metc>
<metstdn>FGDC Content Standards for Digital Geospatial Metadata</metstdn>
<metstdv>FGDC-STD-001-1998</metstdv>
<mettc>local time</mettc>
<metextns>
<onlink>http://www.esri.com/metadata/esriprof80.html</onlink>
<metprof>ESRI Metadata Profile</metprof>
</metextns>
</metainfo>
</metadata>
