<?xml version="1.0" encoding="UTF-8"?>
<metadata>
<idinfo>
<citation>
<citeinfo>
<origin>U.S. Geological Survey</origin>
<pubdate>200804</pubdate>
<title>USGS High Resolution State Orthoimagery for Dare County, North Carolina</title>
<geoform>SDE raster digital data</geoform>
<serinfo>
<sername>USGS High Resolution State Orthoimagery</sername>
<issue>1.0</issue>
</serinfo>
<pubinfo>
<pubplace>Sioux Falls, SD</pubplace>
<publish>U.S. Geological Survey</publish>
</pubinfo>
<onlink>http://seamless.usgs.gov</onlink>
</citeinfo>
</citation>
<descript>
<abstract>"Digital orthophotos combine the geometric qualities of a map with the image qualities of a photograph.  The orthos in this series have a ground resolution of 1.00x1.00 feet from color aerial photography taken at an approx scale of 1:24000 during the Spring of 2007.  Each orthophoto image tile has 10000 x 10000 pixels and a geographic extent of 10000 x 10000 feet, with zero overlap between images.  The images have been rectified to the North Carolina State Plane Coordinate System 1927 North American Datum (NAD27/2001 adjustment). The file consists of image pixels oriented by lines (rows) and samples (columns). Each line contains a series of pixels ordered from West to East with the order of the lines from North to South.  Orthophotos are numbered in accordance with the Basic Modular Unit naming scheme in which the orthophoto number refers to selected paired digits of the East and North coordinates of the southwest corner of the module."</abstract>
<purpose>"Digital orthophotos serve a wide variety of uses.  The primary use of these orthophotos will be as a backdrop layer of visual information for various mapping efforts."</purpose>
<supplinf>The data obtained through The National Map Seamless Server is considered to be the "best available" data from USGS.  Historical data and other data may be obtained by contacting Customer Services, USGS Earth Resources Observation &amp; Science Center, at 1-800-252-4547. Information in quotation marks, initial processing steps, accuracy reports, and source information is taken directly from the original metadata.Spatial-specific information not available</supplinf>
</descript>
<timeperd>
<timeinfo>
<sngdate>
<caldate>200703</caldate>
</sngdate>
</timeinfo>
<current>ground condition</current>
</timeperd>
<status>
<progress>Complete</progress>
<update>As needed</update>
</status>
<spdom>
<bounding>
<westbc>-75.6374</westbc>
<eastbc>-75.62325</eastbc>
<northbc>35.96556</northbc>
<southbc>35.95728</southbc>
</bounding>
</spdom>
<keywords>
<theme>
<themekt>None</themekt>
<themekey>digital spatial data</themekey>
<themekey>1 foot orthoimage</themekey>
<themekey>rectified image</themekey>
<themekey>orthophoto</themekey>
<themekey>natural color orthophoto</themekey>
<themekey>orthoimage</themekey>
<themekey>image map</themekey>
</theme>
<theme>
<themekt>ISO 19115 Category</themekt>
<themekey>imageryBaseMapsEarthCover</themekey>
<themekey>010</themekey>
<themekey>geoscientificInformation</themekey>
<themekey>008</themekey>
<themekey>location</themekey>
<themekey>013</themekey>
</theme>
<place>
<placekt>U.S. Department of Commerce, 1995, Countries, dependencies, areas of special sovereignty, and their principal administrative divisions, Federal Information Processing Standard 10-4,): Washington, D.C., National Institute of Standards and Technology</placekt>
<placekey>United States</placekey>
<placekey>U.S.</placekey>
<placekey>US</placekey>
</place>
<place>
<placekt>U.S. Department of Commerce, 1987, Codes for the identification of the States, the District of Columbia and the outlying areas of the United States, and associated areas (Federal Information Processing Standard 5-2): Washington, D.C., National Institute of Standards and Technology</placekt>
<placekey>NC</placekey>
</place>
<place>
<placekt>Geographic Names Information System</placekt>
<placekey>Dare County</placekey>
<placekey>North Carolina</placekey>
</place>
</keywords>
<accconst>Any downloading and use of these data signifies a user's agreement to comprehension and compliance of the USGS Standard Disclaimer.  Insure all portions of metadata are read and clearly understood before using these data in order to protect both user and USGS interests.</accconst>
<useconst>There is no guarantee of warranty concerning the accuracy of the data.  Users should be aware that temporal changes may have occurred since this data set was collected and that some parts of this data may no longer represent actual surface conditions.  Users should not use this data for critical applications without a full awareness of its limitations.  Acknowledgement of the originating agencies would be appreciated in products derived from these data.  Any user who modifies the data is obligated to describe the types of modifications they perform.  User specifically agrees not to misrepresent the data, nor to imply that changes made were approved or endorsed by the U.S. Geological Survey.  Please refer to http://www.usgs.gov/privacy.html for the USGS disclaimer.</useconst>
<ptcontac>
<cntinfo>
<cntorgp>
<cntorg>U.S. Geological Survey</cntorg>
</cntorgp>
<cntpos>Customer Services Representative</cntpos>
<cntaddr>
<addrtype>mailing and physical address</addrtype>
<address>USGS Earth Resources Observation &amp; Science Center</address>
<address>47914 252nd Street</address>
<city>Sioux Falls</city>
<state>SD</state>
<postal>57198-0001</postal>
<country>USA</country>
</cntaddr>
<cntvoice>605/594-6151</cntvoice>
<cntvoice>1-800-252-4547</cntvoice>
<cnttdd>605/594-6933</cnttdd>
<cntfax>605/594-6589</cntfax>
<cntemail>custserv@usgs.gov</cntemail>
<hours>0800 - 1600 CT, M - F (-6h CST/-5h CDT GMT)</hours>
</cntinfo>
</ptcontac>
<datacred>L ROBERT KIMBALL AND ASSOCIATES Inc.</datacred>
<secinfo>
<secsys>None</secsys>
<secclass>Unclassified</secclass>
<sechandl>N/A</sechandl>
</secinfo>
<native>Microsoft Windows XP Version 5.1 (Build 2600) Service Pack 3; ESRI ArcCatalog 9.1.0.780</native>
</idinfo>
<dataqual>
<attracc>
<attraccr>"The orthophoto imagery was scanned directly from the aerial film at a scanning resolution of 10 microns.  The digital imagery was generated with an 8-bit pixel depth for each of the three color bands (24 bit color pixel depth).  The aerial film was kept free of dust marks, scratches, fog streaks, stains and blemishes to the maximum extent possible.  A Leica DSW600 scanner was the device used for the scanning.  This scanner is a high-resolution precision instrument with an aperture capable of producing scan resolutions of 8.5 microns, and a geometric accuracy of less than five microns.KLT Atlas software was used for the pixel-by-pixel rectification of the orthophoto imagery.  The resampling method used was cubic convolution.  This method produces superior results in areas with abrupt elevation changes."</attraccr>
</attracc>
<logic>"Orthophoto Images were reviewed by the contractor and the County for consistency in tone and contrast."</logic>
<complete>"All orthophoto imagery was visually inspected for completeness to ensure no gaps or image misplacement exist in the image area.  Orthophotos were created using a mosaicking process to provide a seamless image coverage."</complete>
<posacc>
<horizpa>
<horizpar>The orthophoto horizontal positional accuracy and assurance of that accuracy depend in part on the accuracy of the data inputs to the rectification process.   These inputs consist of the digital elevation model (DEM/DTM), aerotriangulation control and methods, the photo source camera calibration and scanner calibration.  The accuracy of the data input was sufficient to produce orthophotos that meet National Map Accuracy Standards for 1"=400' orthophotography.  The National Map Accuracy Standards stipulate that 90% of all well defined features not be displaced in excess of 1/30 inch for scales larger than 1:20,000</horizpar>
</horizpa>
<vertacc>
<vertaccr>N/A</vertaccr>
</vertacc>
</posacc>
<lineage>
<srcinfo>
<srccite>
<citeinfo>
<origin>North Carolina Floodplain Mapping Program</origin>
<pubdate>2002</pubdate>
<title>Digital Elevation Model</title>
<geoform>ASCII</geoform>
<pubinfo>
<pubplace>NC</pubplace>
<publish>NC Floodplain Mapping Program</publish>
</pubinfo>
</citeinfo>
</srccite>
<typesrc>Unknown</typesrc>
<srctime>
<timeinfo>
<sngdate>
<caldate>2002</caldate>
</sngdate>
</timeinfo>
<srccurr>ground condition</srccurr>
</srctime>
<srccitea>DEM</srccitea>
<srccontr>Elevation data in the form of a LiDAR mission - re-gridded for orthophoto rectification</srccontr>
</srcinfo>
<srcinfo>
<srccite>
<citeinfo>
<origin>L. Robert Kimball and Associates Inc.</origin>
<pubdate>2007</pubdate>
<title>2007 Dare County Color Aerial Photography</title>
<geoform>Raster Image</geoform>
<pubinfo>
<pubplace>Ebensburg, PA</pubplace>
<publish>L. Robert Kimball and Associates, Inc.</publish>
</pubinfo>
<othercit>None</othercit>
</citeinfo>
</srccite>
<srcscale>2000</srcscale>
<typesrc>filmstrip</typesrc>
<srctime>
<timeinfo>
<rngdates>
<begdate>200703</begdate>
<enddate>200703</enddate>
</rngdates>
</timeinfo>
<srccurr>ground condition</srccurr>
</srctime>
<srccitea>None</srccitea>
<srccontr>Color AGFA X100 Film, scanned on Leica DSW600 scanner at 10 microns.  This Aerial imagery was the source data used to enhance the LiDAR DEM data used for the orthorectifcation process, and was the imagery used to produce the orthophoto imagery.</srccontr>
</srcinfo>
<procstep>
<procdesc>The rectification process requires input from a user parameter file to control the rectification process, camera calibration and aerial triangulation information, a digital elevation model (DEM/DTM) with the same area of coverage as the digital orthophoto, and an unrectified raster image file acquired from scanning the aerial film.  These inputs were used collectively to register the raw image file mathematically to determine the location of the camera position and orientation with respect to the ground and to remove the relief displacement from the image file.The camera calibration report provides the focal length of the camera and the distances in millimeters from the camera optical center reference for spatial measurements made from the photograph.  The camera used for the source photography was a Zeiss Jena LMK equipped with forward motion compensation. The calibrated focal length for this camera at the time of photography was 152.179mm. Camera serial number: 272299c.  Lens serial no. 7390598D.  Photography was flown on 03/04/07 and 03/05/07Ground control points were acquired from recovered monuments and GPS ground surveys and are Second Order Class 2 or better. This accuracy meets National Map Accuracy Standard (NMAS) for 1"=400' scale mapping.  Ground control points are on the North Carolina State Plane Coordinate System 1927 North American Datum (NAD27/2001 adjustment).Analytical triangulation was performed to extend the horizontal and vertical ground control.A combination of photo center coordinates obtained through airborne GPS and ground control points were used for control of the analytical triangulation.  Aerotriangulation was performed by softcopy methods using KLT Atlas software. Scans produced from the original film were used. A minimum of three passpoints were marked along the center of the stereo overlap area.  One point near the center or nadir point of the photo and one point near each corner of the stereo model. These corner passpoints also served as tie points between strips.  Point measurements were performed by softcopy methods using KLT Atlas software.  A fully analytical simultaneous bundle adjustment was performed by a weighted least squares adjustment method using KLT Atlas aerotriangulation software. The root-mean-square error of passpoints computed in the analytical triangulation does not exceed one-fiftieth (1/50) of the denominator of the final map scale.  The vertical accuracy does not exceed 1/10,000 of the flight altitude.The raster image file was created by scanning the aerial film with a Leica DSW600 scanner with an aperture of approximately 10 microns.  This equates to a ground resolution of 1.0 foot from the 1:24000 scale photography.The DEM/DTM data was obtained by updating previously compiled data using softcopy photogrammetry methods.  The seventy percent overlap raster images were viewed in 3D on KLT Atlas softcopy stereo systems.  Breaklines were compiled as needed for orthophoto rectification where the change in terrain was in a linear form, such as along a stream bed, a road edge, a retaining wall or a ridgeline.  DEM points were added manually where needed.  Each stereo model was reviewed for completeness and accuracy by a second stereo operator before being used in the orthophoto rectification process.  The vertical accuracy of the DEM/DTM is only sufficient to support the rectification of the aerial images and is not intended for contour generation.All of the above mentioned inputs were used by experienced photogrammetry technicians in order to complete the orthorectification process.  Orthophotos were rectified using KLT Atlas software which is capable of pixel-by-pixel rectification. Cubic convolution was the resampling method used.  Final tone and contrast adjustments were completed using a combination of KLT Atlas, OrthoVista and PhotoShop software.</procdesc>
<procdate>2007</procdate>
<proccont>
<cntinfo>
<cntorgp>
<cntorg>L. Robert Kimball and Associates Inc.</cntorg>
<cntper>Richard Cree</cntper>
</cntorgp>
<cntpos>Photogrammetry Senior Technical Leader</cntpos>
<cntaddr>
<addrtype>Mailing and Physical</addrtype>
<address>615 West Highland Avenue</address>
<city>Ebensburg</city>
<state>Pennsylvania</state>
<postal>15931</postal>
<country>USA</country>
</cntaddr>
<cntvoice>814-472-7700</cntvoice>
<cntfax>814-472-7712</cntfax>
<cntemail>CREERI01@lrkimball.com</cntemail>
<hours>0800-1700 EST</hours>
</cntinfo>
</proccont>
</procstep>
<procstep>
<procdesc>The original metadata were imported and updated for display through The National Map Seamless Server at &lt;http://seamless.usgs.gov&gt;  The metadata are available in several formats: HTML, TEXT, XML, FAQ and SGML.</procdesc>
<procdate>2008</procdate>
<proccont>
<cntinfo>
<cntorgp>
<cntorg>U.S. Geological Survey</cntorg>
</cntorgp>
<cntpos>Customer Service Representative</cntpos>
<cntaddr>
<addrtype>mailing and physical address</addrtype>
<address>USGS Earth Resources Observation &amp; Science Center</address>
<address>47914 252nd Street</address>
<city>Sioux Falls</city>
<state>SD</state>
<postal>57198-0001</postal>
<country>USA</country>
</cntaddr>
<cntvoice>605-594-6151</cntvoice>
<cntvoice>1-800-252-4547</cntvoice>
<cnttdd>605-594-6933</cnttdd>
<cntfax>605-594-6589</cntfax>
<cntemail>custserv@usgs.gov</cntemail>
<hours>0800 - 1600 CT, M - F (-6h CST/-5h CDT GMT)</hours>
<cntinst>The USGS point of contact is for questions relating only to the data display and download from this web site.  For questions regarding data content and quality, refer to original processor.</cntinst>
</cntinfo>
</proccont>
</procstep>
</lineage>
</dataqual>
<spdoinfo>
<direct>Raster</direct>
<rastinfo>
<rasttype>Pixel</rasttype>
<rowcount>5293</rowcount>
<colcount>6111</colcount>
<vrtcount>1</vrtcount>
</rastinfo>
</spdoinfo>
<spref>
<horizsys>
<planar>
<mapproj>
<mapprojn>Lambert Conformal Conic</mapprojn>
<lambertc>
<stdparll>34.333333</stdparll>
<stdparll>36.166667</stdparll>
<longcm>-79.000000</longcm>
<latprjo>33.750000</latprjo>
<feast>2000000.002617</feast>
<fnorth>0.000000</fnorth>
</lambertc>
</mapproj>
<planci>
<plance>row and column</plance>
<coordrep>
<absres>1.000000</absres>
<ordres>1.000000</ordres>
</coordrep>
<plandu>survey feet</plandu>
</planci>
</planar>
<geodetic>
<horizdn>North American Datum of 1983</horizdn>
<ellips>Geodetic Reference System 80</ellips>
<semiaxis>6378137.000000</semiaxis>
<denflat>298.257222</denflat>
</geodetic>
</horizsys>
<vertdef>
<altsys>
<altdatum>North American Vertical Datum of 1988</altdatum>
<altres>1.000000</altres>
<altunits>feet</altunits>
<altenc>Explicit elevation coordinate included with horizontal coordinates</altenc>
</altsys>
</vertdef>
</spref>
<eainfo>
<overview>
<eaover>Natural color orthoimagery is organized in three color bands or channels which represent the red, green, and blue (RGB) portions of the spectrum.  Each image pixel is assigned a triplet of numeric values, one for each color band.  Numeric values range from 0 to 255.  Areas where data is incomplete due to lack of full image coverage are represented with the numeric value of 0.</eaover>
<eadetcit>U.S. Department of the Interior, U.S. Geological Survey, 1996, Standards for Digital Orthophotos: Reston, VA.</eadetcit>
</overview>
</eainfo>
<distinfo>
<distrib>
<cntinfo>
<cntorgp>
<cntorg>U.S. Geological Survey</cntorg>
</cntorgp>
<cntpos>Customer Services Representative</cntpos>
<cntaddr>
<addrtype>mailing and physical address</addrtype>
<address>USGS Earth Resources Observation &amp; Science Center</address>
<address>47914 252nd Street</address>
<city>Sioux Falls</city>
<state>SD</state>
<postal>57198-0001</postal>
<country>USA</country>
</cntaddr>
<cntvoice>605/594-6151</cntvoice>
<cntvoice>1-800-252-4547</cntvoice>
<cnttdd>605/594-6933</cnttdd>
<cntfax>605/594-6589</cntfax>
<cntemail>custserv@usgs.gov</cntemail>
<hours>0800 - 1600 CT, M - F (-6h CST/-5h CDT GMT)</hours>
<cntinst>The USGS point of contact is for questions relating only to the data display and download from this web site.  For questions regarding data content and quality, refer to:County of Hoke227 N Main StRaeford, NC28376phone:  910-875-8751fax:  910-875-9222email:  lbeal@hokecounty.org</cntinst>
</cntinfo>
</distrib>
<resdesc>Downloadable Data</resdesc>
<distliab>Although these data have been processed successfully on a computer system at the USGS, no warranty expressed or implied is made by the USGS regarding the use of the data on any other system, nor does the act of distribution constitute any such warranty.  Data may have been compiled from various outside sources.  Spatial information may not meet National Map Accuracy Standards.  This information may be updated without notification. The USGS shall not be liable for any activity involving these data, installation, fitness of the data for a particular purpose, its use, or analyses results.</distliab>
<stdorder>
<digform>
<digtinfo>
<formname>TIFF</formname>
<formvern>ArcGIS 9.1</formvern>
<formspec>Raster</formspec>
<transize>0.001</transize>
</digtinfo>
<digtopt>
<onlinopt>
<computer>
<networka>
<networkr>http://seamless.usgs.gov</networkr>
</networka>
</computer>
<accinstr>The URL  &lt;http://seamless.usgs.gov&gt; provides a map interface that allows for data downloads within a customer defined area of interest. Zoom tools are available that can be used to investigate areas of interest on the map interface. The download tool allows the customer to capture layers from the map, utilizing the Seamless Data Distribution System process for downloading. A request summary page is then generated with the download layers listed. By clicking the "download" button on the summary page, a zipped file will be generated that can be saved on the customer's computer. The file can then be unzipped and imported into various user software applications.</accinstr>
<oncomp>Not available for dissemination</oncomp>
</onlinopt>
</digtopt>
</digform>
<fees>None</fees>
<turnarnd>Variable</turnarnd>
</stdorder>
<techpreq>ESRI ArcMap Suite and/or Arc/Info or other compatible software, and supporting operating systems.</techpreq>
<availabl>
<timeinfo>
<rngdates>
<begdate>2008</begdate>
<enddate>unknown</enddate>
</rngdates>
</timeinfo>
</availabl>
</distinfo>
<metainfo>
<metd>20080909</metd>
<metc>
<cntinfo>
<cntorgp>
<cntorg>U.S. Geological Survey</cntorg>
</cntorgp>
<cntpos>Customer Services Representative</cntpos>
<cntaddr>
<addrtype>mailing and physical address</addrtype>
<address>USGS Earth Resources Observation &amp; Science Center</address>
<address>47914 252nd Street</address>
<city>Sioux Falls</city>
<state>SD</state>
<postal>57198-0001</postal>
<country>USA</country>
</cntaddr>
<cntvoice>605/594-6151</cntvoice>
<cntvoice>1-800-252-4547</cntvoice>
<cnttdd>605/594-6933</cnttdd>
<cntfax>605/594-6589</cntfax>
<cntemail>custserv@usgs.gov</cntemail>
<hours>0800 - 1600 CT, M - F (-6h CST/-5h CDT GMT)</hours>
<cntinst>The above is the contact information for the USGS Earth Resources Observation &amp; Science Center in Sioux Falls, SD.  This is the digital data storage and distribution center for the USGS.</cntinst>
</cntinfo>
</metc>
<metstdn>FGDC Content Standards for Digital Geospatial Metadata</metstdn>
<metstdv>FGDC-STD-001-1998</metstdv>
<mettc>local time</mettc>
<metac>None</metac>
<metuc>None</metuc>
<metsi>
<metscs>None</metscs>
<metsc>Unclassified</metsc>
<metshd>None</metshd>
</metsi>
<metextns>
<onlink>http://www.esri.com/metadata/esriprof80.html</onlink>
<metprof>ESRI Metadata Profile</metprof>
</metextns>
</metainfo>
</metadata>
